run	replicate	layout	genome	ploidy	taxonKeys
SRR2962162	E	SE	actinidia_chinensis	2	3644693 7270743 3644698 3644711
SRR2962163	E	SE	actinidia_chinensis	2	3644693 7270743 3644698 3644711
SRR2962164	E	SE	actinidia_chinensis	2	3644693 7270743 3644698 3644711
SRR2962165	E	SE	actinidia_chinensis	2	3644693 7270743 3644698 3644711
SRR2962166	F	SE	actinidia_chinensis	2	3644693 7270743 3644698 3644711
SRR2962167	F	SE	actinidia_chinensis	2	3644693 7270743 3644698 3644711
SRR2962168	F	SE	actinidia_chinensis	2	3644693 7270743 3644698 3644711
SRR2962169	F	SE	actinidia_chinensis	2	3644693 7270743 3644698 3644711
SRR2962170	F	SE	actinidia_chinensis	2	3644693 7270743 3644698 3644711
SRR2962171	F	SE	actinidia_chinensis	2	3644693 7270743 3644698 3644711
SRR2962172	F	SE	actinidia_chinensis	2	3644693 7270743 3644698 3644711
SRR2962173	F	SE	actinidia_chinensis	2	3644693 7270743 3644698 3644711
SRR2962174	AB	SE	actinidia_chinensis	2	3644693 7270743 3644698 3644711
SRR2962175	AB	SE	actinidia_chinensis	2	3644693 7270743 3644698 3644711
SRR2962176	AB	SE	actinidia_chinensis	2	3644693 7270743 3644698 3644711
SRR2962177	AB	SE	actinidia_chinensis	2	3644693 7270743 3644698 3644711
SRR2962178	AB	SE	actinidia_chinensis	2	3644693 7270743 3644698 3644711
SRR2962179	AB	SE	actinidia_chinensis	2	3644693 7270743 3644698 3644711
SRR2962180	AB	SE	actinidia_chinensis	2	3644693 7270743 3644698 3644711
SRR2962181	AB	SE	actinidia_chinensis	2	3644693 7270743 3644698 3644711
SRR2962182	AB	SE	actinidia_chinensis	2	3644693 7270743 3644698 3644711
SRR2962183	AB	SE	actinidia_chinensis	2	3644693 7270743 3644698 3644711
SRR2962184	AB	SE	actinidia_chinensis	2	3644693 7270743 3644698 3644711
SRR2962185	AB	SE	actinidia_chinensis	2	3644693 7270743 3644698 3644711
SRR2962186	AB	SE	actinidia_chinensis	2	3644693 7270743 3644698 3644711
SRR2962187	AB	SE	actinidia_chinensis	2	3644693 7270743 3644698 3644711
SRR2962188	AB	SE	actinidia_chinensis	2	3644693 7270743 3644698 3644711
SRR2962189	AB	SE	actinidia_chinensis	2	3644693 7270743 3644698 3644711
SRR2962190	C	SE	actinidia_chinensis	2	3644693 7270743 3644698 3644711
SRR2962191	C	SE	actinidia_chinensis	2	3644693 7270743 3644698 3644711
SRR2962192	C	SE	actinidia_chinensis	2	3644693 7270743 3644698 3644711
SRR2962193	C	SE	actinidia_chinensis	2	3644693 7270743 3644698 3644711
SRR2962194	C	SE	actinidia_chinensis	2	3644693 7270743 3644698 3644711
SRR2962195	C	SE	actinidia_chinensis	2	3644693 7270743 3644698 3644711
SRR2962196	C	SE	actinidia_chinensis	2	3644693 7270743 3644698 3644711
SRR2962197	C	SE	actinidia_chinensis	2	3644693 7270743 3644698 3644711
SRR2962198	D	SE	actinidia_chinensis	2	3644693 7270743 3644698 3644711
SRR2962199	D	SE	actinidia_chinensis	2	3644693 7270743 3644698 3644711
SRR2962200	D	SE	actinidia_chinensis	2	3644693 7270743 3644698 3644711
SRR2962201	D	SE	actinidia_chinensis	2	3644693 7270743 3644698 3644711
SRR2962202	D	SE	actinidia_chinensis	2	3644693 7270743 3644698 3644711
SRR2962203	D	SE	actinidia_chinensis	2	3644693 7270743 3644698 3644711
SRR2962204	D	SE	actinidia_chinensis	2	3644693 7270743 3644698 3644711
SRR2962205	D	SE	actinidia_chinensis	2	3644693 7270743 3644698 3644711
SRR2962206	E	SE	actinidia_chinensis	2	3644693 7270743 3644698 3644711
SRR2962207	E	SE	actinidia_chinensis	2	3644693 7270743 3644698 3644711
SRR2962208	E	SE	actinidia_chinensis	2	3644693 7270743 3644698 3644711
SRR2962209	E	SE	actinidia_chinensis	2	3644693 7270743 3644698 3644711
SRR2962210	E	SE	actinidia_chinensis	2	3644693 7270743 3644698 3644711
SRR2962211	E	SE	actinidia_chinensis	2	3644693 7270743 3644698 3644711
SRR2962212	E	SE	actinidia_chinensis	2	3644693 7270743 3644698 3644711
SRR2962213	E	SE	actinidia_chinensis	2	3644693 7270743 3644698 3644711
SRR2962214	F	SE	actinidia_chinensis	2	3644693 7270743 3644698 3644711
SRR2962215	F	SE	actinidia_chinensis	2	3644693 7270743 3644698 3644711
SRR2962216	F	SE	actinidia_chinensis	2	3644693 7270743 3644698 3644711
SRR2962217	F	SE	actinidia_chinensis	2	3644693 7270743 3644698 3644711
SRR2962218	F	SE	actinidia_chinensis	2	3644693 7270743 3644698 3644711
SRR2962219	F	SE	actinidia_chinensis	2	3644693 7270743 3644698 3644711
SRR2962220	F	SE	actinidia_chinensis	2	3644693 7270743 3644698 3644711
SRR2962221	F	SE	actinidia_chinensis	2	3644693 7270743 3644698 3644711
SRR2962126	AB	SE	actinidia_chinensis	2	3644693 7270743 3644698 3644711
SRR2962127	AB	SE	actinidia_chinensis	2	3644693 7270743 3644698 3644711
SRR2962128	AB	SE	actinidia_chinensis	2	3644693 7270743 3644698 3644711
SRR2962129	AB	SE	actinidia_chinensis	2	3644693 7270743 3644698 3644711
SRR2962130	AB	SE	actinidia_chinensis	2	3644693 7270743 3644698 3644711
SRR2962131	AB	SE	actinidia_chinensis	2	3644693 7270743 3644698 3644711
SRR2962132	AB	SE	actinidia_chinensis	2	3644693 7270743 3644698 3644711
SRR2962133	AB	SE	actinidia_chinensis	2	3644693 7270743 3644698 3644711
SRR2962134	AB	SE	actinidia_chinensis	2	3644693 7270743 3644698 3644711
SRR2962135	AB	SE	actinidia_chinensis	2	3644693 7270743 3644698 3644711
SRR2962136	AB	SE	actinidia_chinensis	2	3644693 7270743 3644698 3644711
SRR2962137	AB	SE	actinidia_chinensis	2	3644693 7270743 3644698 3644711
SRR2962138	AB	SE	actinidia_chinensis	2	3644693 7270743 3644698 3644711
SRR2962139	AB	SE	actinidia_chinensis	2	3644693 7270743 3644698 3644711
SRR2962140	AB	SE	actinidia_chinensis	2	3644693 7270743 3644698 3644711
SRR2962141	AB	SE	actinidia_chinensis	2	3644693 7270743 3644698 3644711
SRR2962142	C	SE	actinidia_chinensis	2	3644693 7270743 3644698 3644711
SRR2962143	C	SE	actinidia_chinensis	2	3644693 7270743 3644698 3644711
SRR2962144	C	SE	actinidia_chinensis	2	3644693 7270743 3644698 3644711
SRR2962145	C	SE	actinidia_chinensis	2	3644693 7270743 3644698 3644711
SRR2962146	C	SE	actinidia_chinensis	2	3644693 7270743 3644698 3644711
SRR2962147	C	SE	actinidia_chinensis	2	3644693 7270743 3644698 3644711
SRR2962148	C	SE	actinidia_chinensis	2	3644693 7270743 3644698 3644711
SRR2962149	C	SE	actinidia_chinensis	2	3644693 7270743 3644698 3644711
SRR2962150	D	SE	actinidia_chinensis	2	3644693 7270743 3644698 3644711
SRR2962151	D	SE	actinidia_chinensis	2	3644693 7270743 3644698 3644711
SRR2962152	D	SE	actinidia_chinensis	2	3644693 7270743 3644698 3644711
SRR2962153	D	SE	actinidia_chinensis	2	3644693 7270743 3644698 3644711
SRR2962154	D	SE	actinidia_chinensis	2	3644693 7270743 3644698 3644711
SRR2962155	D	SE	actinidia_chinensis	2	3644693 7270743 3644698 3644711
SRR2962156	D	SE	actinidia_chinensis	2	3644693 7270743 3644698 3644711
SRR2962157	D	SE	actinidia_chinensis	2	3644693 7270743 3644698 3644711
SRR2962158	E	SE	actinidia_chinensis	2	3644693 7270743 3644698 3644711
SRR2962159	E	SE	actinidia_chinensis	2	3644693 7270743 3644698 3644711
SRR2962160	E	SE	actinidia_chinensis	2	3644693 7270743 3644698 3644711
SRR2962161	E	SE	actinidia_chinensis	2	3644693 7270743 3644698 3644711
SRR2962102	D	SE	actinidia_chinensis	2	3644693 7270743 3644698 3644711
SRR2962103	D	SE	actinidia_chinensis	2	3644693 7270743 3644698 3644711
SRR2962104	D	SE	actinidia_chinensis	2	3644693 7270743 3644698 3644711
SRR2962105	D	SE	actinidia_chinensis	2	3644693 7270743 3644698 3644711
SRR2962106	D	SE	actinidia_chinensis	2	3644693 7270743 3644698 3644711
SRR2962107	D	SE	actinidia_chinensis	2	3644693 7270743 3644698 3644711
SRR2962108	D	SE	actinidia_chinensis	2	3644693 7270743 3644698 3644711
SRR2962109	D	SE	actinidia_chinensis	2	3644693 7270743 3644698 3644711
SRR2962110	E	SE	actinidia_chinensis	2	3644693 7270743 3644698 3644711
SRR2962111	E	SE	actinidia_chinensis	2	3644693 7270743 3644698 3644711
SRR2962112	E	SE	actinidia_chinensis	2	3644693 7270743 3644698 3644711
SRR2962113	E	SE	actinidia_chinensis	2	3644693 7270743 3644698 3644711
SRR2962114	E	SE	actinidia_chinensis	2	3644693 7270743 3644698 3644711
SRR2962115	E	SE	actinidia_chinensis	2	3644693 7270743 3644698 3644711
SRR2962116	E	SE	actinidia_chinensis	2	3644693 7270743 3644698 3644711
SRR2962117	E	SE	actinidia_chinensis	2	3644693 7270743 3644698 3644711
SRR2962118	F	SE	actinidia_chinensis	2	3644693 7270743 3644698 3644711
SRR2962119	F	SE	actinidia_chinensis	2	3644693 7270743 3644698 3644711
SRR2962120	F	SE	actinidia_chinensis	2	3644693 7270743 3644698 3644711
SRR2962121	F	SE	actinidia_chinensis	2	3644693 7270743 3644698 3644711
SRR2962122	F	SE	actinidia_chinensis	2	3644693 7270743 3644698 3644711
SRR2962123	F	SE	actinidia_chinensis	2	3644693 7270743 3644698 3644711
SRR2962124	F	SE	actinidia_chinensis	2	3644693 7270743 3644698 3644711
SRR2962125	F	SE	actinidia_chinensis	2	3644693 7270743 3644698 3644711
SRR2962042	AB	SE	actinidia_chinensis	2	3644693 7270743 3644698 3644711
SRR2962043	AB	SE	actinidia_chinensis	2	3644693 7270743 3644698 3644711
SRR2962044	AB	SE	actinidia_chinensis	2	3644693 7270743 3644698 3644711
SRR2962045	AB	SE	actinidia_chinensis	2	3644693 7270743 3644698 3644711
SRR2962046	C	SE	actinidia_chinensis	2	3644693 7270743 3644698 3644711
SRR2962047	C	SE	actinidia_chinensis	2	3644693 7270743 3644698 3644711
SRR2962048	C	SE	actinidia_chinensis	2	3644693 7270743 3644698 3644711
SRR2962049	C	SE	actinidia_chinensis	2	3644693 7270743 3644698 3644711
SRR2962050	C	SE	actinidia_chinensis	2	3644693 7270743 3644698 3644711
SRR2962051	C	SE	actinidia_chinensis	2	3644693 7270743 3644698 3644711
SRR2962052	C	SE	actinidia_chinensis	2	3644693 7270743 3644698 3644711
SRR2962053	C	SE	actinidia_chinensis	2	3644693 7270743 3644698 3644711
SRR2962054	D	SE	actinidia_chinensis	2	3644693 7270743 3644698 3644711
SRR2962055	D	SE	actinidia_chinensis	2	3644693 7270743 3644698 3644711
SRR2962056	D	SE	actinidia_chinensis	2	3644693 7270743 3644698 3644711
SRR2962057	D	SE	actinidia_chinensis	2	3644693 7270743 3644698 3644711
SRR2962058	D	SE	actinidia_chinensis	2	3644693 7270743 3644698 3644711
SRR2962059	D	SE	actinidia_chinensis	2	3644693 7270743 3644698 3644711
SRR2962060	D	SE	actinidia_chinensis	2	3644693 7270743 3644698 3644711
SRR2962061	D	SE	actinidia_chinensis	2	3644693 7270743 3644698 3644711
SRR2962062	E	SE	actinidia_chinensis	2	3644693 7270743 3644698 3644711
SRR2962063	E	SE	actinidia_chinensis	2	3644693 7270743 3644698 3644711
SRR2962064	E	SE	actinidia_chinensis	2	3644693 7270743 3644698 3644711
SRR2962065	E	SE	actinidia_chinensis	2	3644693 7270743 3644698 3644711
SRR2962066	E	SE	actinidia_chinensis	2	3644693 7270743 3644698 3644711
SRR2962067	E	SE	actinidia_chinensis	2	3644693 7270743 3644698 3644711
SRR2962068	E	SE	actinidia_chinensis	2	3644693 7270743 3644698 3644711
SRR2962069	E	SE	actinidia_chinensis	2	3644693 7270743 3644698 3644711
SRR2962070	F	SE	actinidia_chinensis	2	3644693 7270743 3644698 3644711
SRR2962071	F	SE	actinidia_chinensis	2	3644693 7270743 3644698 3644711
SRR2962072	F	SE	actinidia_chinensis	2	3644693 7270743 3644698 3644711
SRR2962073	F	SE	actinidia_chinensis	2	3644693 7270743 3644698 3644711
SRR2962074	F	SE	actinidia_chinensis	2	3644693 7270743 3644698 3644711
SRR2962075	F	SE	actinidia_chinensis	2	3644693 7270743 3644698 3644711
SRR2962076	F	SE	actinidia_chinensis	2	3644693 7270743 3644698 3644711
SRR2962077	F	SE	actinidia_chinensis	2	3644693 7270743 3644698 3644711
SRR2962078	AB	SE	actinidia_chinensis	2	3644693 7270743 3644698 3644711
SRR2962079	AB	SE	actinidia_chinensis	2	3644693 7270743 3644698 3644711
SRR2962080	AB	SE	actinidia_chinensis	2	3644693 7270743 3644698 3644711
SRR2962081	AB	SE	actinidia_chinensis	2	3644693 7270743 3644698 3644711
SRR2962082	AB	SE	actinidia_chinensis	2	3644693 7270743 3644698 3644711
SRR2962083	AB	SE	actinidia_chinensis	2	3644693 7270743 3644698 3644711
SRR2962084	AB	SE	actinidia_chinensis	2	3644693 7270743 3644698 3644711
SRR2962085	AB	SE	actinidia_chinensis	2	3644693 7270743 3644698 3644711
SRR2962086	AB	SE	actinidia_chinensis	2	3644693 7270743 3644698 3644711
SRR2962087	AB	SE	actinidia_chinensis	2	3644693 7270743 3644698 3644711
SRR2962088	AB	SE	actinidia_chinensis	2	3644693 7270743 3644698 3644711
SRR2962089	AB	SE	actinidia_chinensis	2	3644693 7270743 3644698 3644711
SRR2962090	AB	SE	actinidia_chinensis	2	3644693 7270743 3644698 3644711
SRR2962091	AB	SE	actinidia_chinensis	2	3644693 7270743 3644698 3644711
SRR2962092	AB	SE	actinidia_chinensis	2	3644693 7270743 3644698 3644711
SRR2962093	AB	SE	actinidia_chinensis	2	3644693 7270743 3644698 3644711
SRR2962094	C	SE	actinidia_chinensis	2	3644693 7270743 3644698 3644711
SRR2962095	C	SE	actinidia_chinensis	2	3644693 7270743 3644698 3644711
SRR2962096	C	SE	actinidia_chinensis	2	3644693 7270743 3644698 3644711
SRR2962097	C	SE	actinidia_chinensis	2	3644693 7270743 3644698 3644711
SRR2962098	C	SE	actinidia_chinensis	2	3644693 7270743 3644698 3644711
SRR2962099	C	SE	actinidia_chinensis	2	3644693 7270743 3644698 3644711
SRR2962100	C	SE	actinidia_chinensis	2	3644693 7270743 3644698 3644711
SRR2962101	C	SE	actinidia_chinensis	2	3644693 7270743 3644698 3644711
SRR2962023	AB	SE	actinidia_chinensis	2	3644693 7270743 3644698 3644711
SRR2962031	AB	SE	actinidia_chinensis	2	3644693 7270743 3644698 3644711
SRR2962032	AB	SE	actinidia_chinensis	2	3644693 7270743 3644698 3644711
SRR2962033	AB	SE	actinidia_chinensis	2	3644693 7270743 3644698 3644711
SRR2962034	AB	SE	actinidia_chinensis	2	3644693 7270743 3644698 3644711
SRR2962035	AB	SE	actinidia_chinensis	2	3644693 7270743 3644698 3644711
SRR2962036	AB	SE	actinidia_chinensis	2	3644693 7270743 3644698 3644711
SRR2962037	AB	SE	actinidia_chinensis	2	3644693 7270743 3644698 3644711
SRR2962038	AB	SE	actinidia_chinensis	2	3644693 7270743 3644698 3644711
SRR2962039	AB	SE	actinidia_chinensis	2	3644693 7270743 3644698 3644711
SRR2962040	AB	SE	actinidia_chinensis	2	3644693 7270743 3644698 3644711
SRR2962041	AB	SE	actinidia_chinensis	2	3644693 7270743 3644698 3644711
ERR3021464	SAMEA5202769	PE	amaranthus_hypochondriacus	2	5384364 7554918 8111324 7442708 10145116 10538632 10634896 10279930 5547885 7867601
ERR3021343	SAMEA5202769	PE	amaranthus_hypochondriacus	2	5384364 7554918 8111324 7442708 10145116 10538632 10634896 10279930 5547885 7867601
ERR3021344	SAMEA5202770	PE	amaranthus_hypochondriacus	2	5384364 7554918 8111324 7442708 10145116 10538632 10634896 10279930 5547885 7867601
ERR3021465	SAMEA5202770	PE	amaranthus_hypochondriacus	2	5384364 7554918 8111324 7442708 10145116 10538632 10634896 10279930 5547885 7867601
ERR3021466	SAMEA5202771	PE	amaranthus_hypochondriacus	2	5384364 7554918 8111324 7442708 10145116 10538632 10634896 10279930 5547885 7867601
ERR3021345	SAMEA5202771	PE	amaranthus_hypochondriacus	2	5384364 7554918 8111324 7442708 10145116 10538632 10634896 10279930 5547885 7867601
ERR3021346	SAMEA5202772	PE	amaranthus_hypochondriacus	2	5384364 7554918 8111324 7442708 10145116 10538632 10634896 10279930 5547885 7867601
ERR3021467	SAMEA5202772	PE	amaranthus_hypochondriacus	2	5384364 7554918 8111324 7442708 10145116 10538632 10634896 10279930 5547885 7867601
ERR3021468	SAMEA5202773	PE	amaranthus_hypochondriacus	2	5384364 7554918 8111324 7442708 10145116 10538632 10634896 10279930 5547885 7867601
ERR3021347	SAMEA5202773	PE	amaranthus_hypochondriacus	2	5384364 7554918 8111324 7442708 10145116 10538632 10634896 10279930 5547885 7867601
ERR3021348	SAMEA5202774	PE	amaranthus_hypochondriacus	2	5384364 7554918 8111324 7442708 10145116 10538632 10634896 10279930 5547885 7867601
ERR3021469	SAMEA5202774	PE	amaranthus_hypochondriacus	2	5384364 7554918 8111324 7442708 10145116 10538632 10634896 10279930 5547885 7867601
ERR3021470	SAMEA5202775	PE	amaranthus_hypochondriacus	2	5384364 7554918 8111324 7442708 10145116 10538632 10634896 10279930 5547885 7867601
ERR3021349	SAMEA5202775	PE	amaranthus_hypochondriacus	2	5384364 7554918 8111324 7442708 10145116 10538632 10634896 10279930 5547885 7867601
ERR3021350	SAMEA5202776	PE	amaranthus_hypochondriacus	2	5384364 7554918 8111324 7442708 10145116 10538632 10634896 10279930 5547885 7867601
ERR3021471	SAMEA5202776	PE	amaranthus_hypochondriacus	2	5384364 7554918 8111324 7442708 10145116 10538632 10634896 10279930 5547885 7867601
ERR3021352	SAMEA5202778	PE	amaranthus_hypochondriacus	2	5384364 7554918 8111324 7442708 10145116 10538632 10634896 10279930 5547885 7867601
ERR3021473	SAMEA5202778	PE	amaranthus_hypochondriacus	2	5384364 7554918 8111324 7442708 10145116 10538632 10634896 10279930 5547885 7867601
ERR3021474	SAMEA5202779	PE	amaranthus_hypochondriacus	2	5384364 7554918 8111324 7442708 10145116 10538632 10634896 10279930 5547885 7867601
ERR3021353	SAMEA5202779	PE	amaranthus_hypochondriacus	2	5384364 7554918 8111324 7442708 10145116 10538632 10634896 10279930 5547885 7867601
ERR3021354	SAMEA5202780	PE	amaranthus_hypochondriacus	2	5384364 7554918 8111324 7442708 10145116 10538632 10634896 10279930 5547885 7867601
ERR3021475	SAMEA5202780	PE	amaranthus_hypochondriacus	2	5384364 7554918 8111324 7442708 10145116 10538632 10634896 10279930 5547885 7867601
ERR3021476	SAMEA5202781	PE	amaranthus_hypochondriacus	2	5384364 7554918 8111324 7442708 10145116 10538632 10634896 10279930 5547885 7867601
ERR3021355	SAMEA5202781	PE	amaranthus_hypochondriacus	2	5384364 7554918 8111324 7442708 10145116 10538632 10634896 10279930 5547885 7867601
ERR3021356	SAMEA5202782	PE	amaranthus_hypochondriacus	2	5384364 7554918 8111324 7442708 10145116 10538632 10634896 10279930 5547885 7867601
ERR3021477	SAMEA5202782	PE	amaranthus_hypochondriacus	2	5384364 7554918 8111324 7442708 10145116 10538632 10634896 10279930 5547885 7867601
ERR3021478	SAMEA5202783	PE	amaranthus_hypochondriacus	2	5384364 7554918 8111324 7442708 10145116 10538632 10634896 10279930 5547885 7867601
ERR3021357	SAMEA5202783	PE	amaranthus_hypochondriacus	2	5384364 7554918 8111324 7442708 10145116 10538632 10634896 10279930 5547885 7867601
ERR3021358	SAMEA5202784	PE	amaranthus_hypochondriacus	2	5384364 7554918 8111324 7442708 10145116 10538632 10634896 10279930 5547885 7867601
ERR3021479	SAMEA5202784	PE	amaranthus_hypochondriacus	2	5384364 7554918 8111324 7442708 10145116 10538632 10634896 10279930 5547885 7867601
ERR3021480	SAMEA5202785	PE	amaranthus_hypochondriacus	2	5384364 7554918 8111324 7442708 10145116 10538632 10634896 10279930 5547885 7867601
ERR3021359	SAMEA5202785	PE	amaranthus_hypochondriacus	2	5384364 7554918 8111324 7442708 10145116 10538632 10634896 10279930 5547885 7867601
ERR3021360	SAMEA5202786	PE	amaranthus_hypochondriacus	2	5384364 7554918 8111324 7442708 10145116 10538632 10634896 10279930 5547885 7867601
ERR3021481	SAMEA5202786	PE	amaranthus_hypochondriacus	2	5384364 7554918 8111324 7442708 10145116 10538632 10634896 10279930 5547885 7867601
ERR3021482	SAMEA5202787	PE	amaranthus_hypochondriacus	2	5384364 7554918 8111324 7442708 10145116 10538632 10634896 10279930 5547885 7867601
ERR3021361	SAMEA5202787	PE	amaranthus_hypochondriacus	2	5384364 7554918 8111324 7442708 10145116 10538632 10634896 10279930 5547885 7867601
ERR3021362	SAMEA5202788	PE	amaranthus_hypochondriacus	2	5384364 7554918 8111324 7442708 10145116 10538632 10634896 10279930 5547885 7867601
ERR3021483	SAMEA5202788	PE	amaranthus_hypochondriacus	2	5384364 7554918 8111324 7442708 10145116 10538632 10634896 10279930 5547885 7867601
ERR3021484	SAMEA5202789	PE	amaranthus_hypochondriacus	2	5384364 7554918 8111324 7442708 10145116 10538632 10634896 10279930 5547885 7867601
ERR3021363	SAMEA5202789	PE	amaranthus_hypochondriacus	2	5384364 7554918 8111324 7442708 10145116 10538632 10634896 10279930 5547885 7867601
ERR3021364	SAMEA5202790	PE	amaranthus_hypochondriacus	2	5384364 7554918 8111324 7442708 10145116 10538632 10634896 10279930 5547885 7867601
ERR3021485	SAMEA5202790	PE	amaranthus_hypochondriacus	2	5384364 7554918 8111324 7442708 10145116 10538632 10634896 10279930 5547885 7867601
ERR3021560	SAMEA5202865	PE	amaranthus_hypochondriacus	2	5384364 7554918 8111324 7442708 10145116 10538632 10634896 10279930 5547885 7867601
ERR3021439	SAMEA5202865	PE	amaranthus_hypochondriacus	2	5384364 7554918 8111324 7442708 10145116 10538632 10634896 10279930 5547885 7867601
ERR3021566	SAMEA5202871	PE	amaranthus_hypochondriacus	2	5384364 7554918 8111324 7442708 10145116 10538632 10634896 10279930 5547885 7867601
ERR3021445	SAMEA5202871	PE	amaranthus_hypochondriacus	2	5384364 7554918 8111324 7442708 10145116 10538632 10634896 10279930 5547885 7867601
ERR3021446	SAMEA5202872	PE	amaranthus_hypochondriacus	2	5384364 7554918 8111324 7442708 10145116 10538632 10634896 10279930 5547885 7867601
ERR3021567	SAMEA5202872	PE	amaranthus_hypochondriacus	2	5384364 7554918 8111324 7442708 10145116 10538632 10634896 10279930 5547885 7867601
SRR5963895	SAMN07490973	PE	ananas_comosus	2	5288770
SRR5963894	SAMN07490974	PE	ananas_comosus	2	5288770
SRR5963892	SAMN07490970	PE	ananas_comosus	2	5288770
SRR5963893	SAMN07490969	PE	ananas_comosus	2	5288770
SRR5963891	SAMN07490971	PE	ananas_comosus	2	5288770
SRR5963890	SAMN07490972	PE	ananas_comosus	2	5288770
SRR5963889	SAMN07490965	PE	ananas_comosus	2	5288770
SRR5963888	SAMN07490966	PE	ananas_comosus	2	5288770
SRR5963887	SAMN07490967	PE	ananas_comosus	2	5288770
SRR5963886	SAMN07490968	PE	ananas_comosus	2	5288770
SRR5963885	SAMN07491024	PE	ananas_comosus	2	5288770
SRR5963884	SAMN07491023	PE	ananas_comosus	2	5288770
SRR5963883	SAMN07491016	PE	ananas_comosus	2	5288770
SRR5963882	SAMN07491015	PE	ananas_comosus	2	5288770
SRR5963881	SAMN07491018	PE	ananas_comosus	2	5288770
SRR5963880	SAMN07491017	PE	ananas_comosus	2	5288770
SRR5963879	SAMN07491020	PE	ananas_comosus	2	5288770
SRR5963878	SAMN07491019	PE	ananas_comosus	2	5288770
SRR5963877	SAMN07491022	PE	ananas_comosus	2	5288770
SRR5963876	SAMN07491021	PE	ananas_comosus	2	5288770
SRR5963874	SAMN07491034	PE	ananas_comosus	2	5288770
SRR5963875	SAMN07491033	PE	ananas_comosus	2	5288770
SRR5963873	SAMN07491027	PE	ananas_comosus	2	5288770
SRR5963872	SAMN07491028	PE	ananas_comosus	2	5288770
SRR5963871	SAMN07491025	PE	ananas_comosus	2	5288770
SRR5963870	SAMN07491026	PE	ananas_comosus	2	5288770
SRR5963869	SAMN07491031	PE	ananas_comosus	2	5288770
SRR5963868	SAMN07491032	PE	ananas_comosus	2	5288770
SRR5963867	SAMN07491029	PE	ananas_comosus	2	5288770
SRR5963866	SAMN07491030	PE	ananas_comosus	2	5288770
SRR5963864	SAMN07491001	PE	ananas_comosus	2	5288770
SRR5963865	SAMN07491002	PE	ananas_comosus	2	5288770
SRR5963863	SAMN07491000	PE	ananas_comosus	2	5288770
SRR5963862	SAMN07490999	PE	ananas_comosus	2	5288770
SRR5963861	SAMN07490998	PE	ananas_comosus	2	5288770
SRR5963858	SAMN07490995	PE	ananas_comosus	2	5288770
SRR5963857	SAMN07491004	PE	ananas_comosus	2	5288770
SRR5963856	SAMN07491003	PE	ananas_comosus	2	5288770
SRR5963855	SAMN07491005	PE	ananas_comosus	2	5288770
SRR5963854	SAMN07491006	PE	ananas_comosus	2	5288770
SRR5963853	SAMN07491007	PE	ananas_comosus	2	5288770
SRR5963852	SAMN07491008	PE	ananas_comosus	2	5288770
SRR5963851	SAMN07491009	PE	ananas_comosus	2	5288770
SRR5963850	SAMN07491010	PE	ananas_comosus	2	5288770
SRR5963849	SAMN07491011	PE	ananas_comosus	2	5288770
SRR5963848	SAMN07491012	PE	ananas_comosus	2	5288770
SRR5963847	SAMN07491013	PE	ananas_comosus	2	5288770
SRR5963846	SAMN07491014	PE	ananas_comosus	2	5288770
SRR5963845	SAMN07490980	PE	ananas_comosus	2	5288770
SRR5963844	SAMN07490979	PE	ananas_comosus	2	5288770
SRR5963843	SAMN07490982	PE	ananas_comosus	2	5288770
SRR5963842	SAMN07490981	PE	ananas_comosus	2	5288770
SRR5963841	SAMN07490976	PE	ananas_comosus	2	5288770
SRR5963840	SAMN07490975	PE	ananas_comosus	2	5288770
SRR5963839	SAMN07490978	PE	ananas_comosus	2	5288770
SRR5963838	SAMN07490977	PE	ananas_comosus	2	5288770
SRR5963837	SAMN07490984	PE	ananas_comosus	2	5288770
SRR5963836	SAMN07490983	PE	ananas_comosus	2	5288770
SRR5963835	SAMN07491043	PE	ananas_comosus	2	5288770
SRR5963834	SAMN07491038	PE	ananas_comosus	2	5288770
SRR5963833	SAMN07491037	PE	ananas_comosus	2	5288770
SRR5963832	SAMN07491036	PE	ananas_comosus	2	5288770
SRR5963831	SAMN07491035	PE	ananas_comosus	2	5288770
SRR5963830	SAMN07491042	PE	ananas_comosus	2	5288770
SRR5963829	SAMN07491041	PE	ananas_comosus	2	5288770
SRR5963828	SAMN07491040	PE	ananas_comosus	2	5288770
SRR5963827	SAMN07491039	PE	ananas_comosus	2	5288770
SRR5963825	SAMN07490962	PE	ananas_comosus	2	5288770
SRR5963826	SAMN07490961	PE	ananas_comosus	2	5288770
SRR5963824	SAMN07490959	PE	ananas_comosus	2	5288770
SRR5963823	SAMN07490960	PE	ananas_comosus	2	5288770
SRR5963822	SAMN07490957	PE	ananas_comosus	2	5288770
SRR5963821	SAMN07490958	PE	ananas_comosus	2	5288770
SRR5963820	SAMN07490955	PE	ananas_comosus	2	5288770
SRR5963819	SAMN07490956	PE	ananas_comosus	2	5288770
SRR5963818	SAMN07490963	PE	ananas_comosus	2	5288770
SRR5963817	SAMN07490964	PE	ananas_comosus	2	5288770
SRR5963816	SAMN07490991	PE	ananas_comosus	2	5288770
SRR5963815	SAMN07490992	PE	ananas_comosus	2	5288770
SRR5963814	SAMN07490989	PE	ananas_comosus	2	5288770
SRR5963813	SAMN07490990	PE	ananas_comosus	2	5288770
SRR5963812	SAMN07490987	PE	ananas_comosus	2	5288770
SRR5963811	SAMN07490988	PE	ananas_comosus	2	5288770
SRR5963810	SAMN07490985	PE	ananas_comosus	2	5288770
SRR5963809	SAMN07490986	PE	ananas_comosus	2	5288770
SRR5963808	SAMN07490993	PE	ananas_comosus	2	5288770
SRR5963807	SAMN07490994	PE	ananas_comosus	2	5288770
DRR031889	SAMD00027970	PE	arabidopsis_halleri	2	3052450 9403166 3052459 11097917 3689665 7225571 10906894 3052455 10999708 10940826
DRR031891	SAMD00027971	PE	arabidopsis_halleri	2	3052450 9403166 3052459 11097917 3689665 7225571 10906894 3052455 10999708 10940826
DRR031893	SAMD00027972	PE	arabidopsis_halleri	2	3052450 9403166 3052459 11097917 3689665 7225571 10906894 3052455 10999708 10940826
DRR031895	SAMD00027973	PE	arabidopsis_halleri	2	3052450 9403166 3052459 11097917 3689665 7225571 10906894 3052455 10999708 10940826
DRR031896	SAMD00027974	PE	arabidopsis_halleri	2	3052450 9403166 3052459 11097917 3689665 7225571 10906894 3052455 10999708 10940826
DRR031897	SAMD00027975	PE	arabidopsis_halleri	2	3052450 9403166 3052459 11097917 3689665 7225571 10906894 3052455 10999708 10940826
DRR031899	SAMD00027976	PE	arabidopsis_halleri	2	3052450 9403166 3052459 11097917 3689665 7225571 10906894 3052455 10999708 10940826
DRR031901	SAMD00027977	PE	arabidopsis_halleri	2	3052450 9403166 3052459 11097917 3689665 7225571 10906894 3052455 10999708 10940826
DRR031903	SAMD00027978	PE	arabidopsis_halleri	2	3052450 9403166 3052459 11097917 3689665 7225571 10906894 3052455 10999708 10940826
DRR031905	SAMD00027979	PE	arabidopsis_halleri	2	3052450 9403166 3052459 11097917 3689665 7225571 10906894 3052455 10999708 10940826
DRR031906	SAMD00027980	PE	arabidopsis_halleri	2	3052450 9403166 3052459 11097917 3689665 7225571 10906894 3052455 10999708 10940826
DRR031908	SAMD00027981	PE	arabidopsis_halleri	2	3052450 9403166 3052459 11097917 3689665 7225571 10906894 3052455 10999708 10940826
DRR031909	SAMD00027982	PE	arabidopsis_halleri	2	3052450 9403166 3052459 11097917 3689665 7225571 10906894 3052455 10999708 10940826
DRR031910	SAMD00027983	PE	arabidopsis_halleri	2	3052450 9403166 3052459 11097917 3689665 7225571 10906894 3052455 10999708 10940826
DRR031912	SAMD00027984	PE	arabidopsis_halleri	2	3052450 9403166 3052459 11097917 3689665 7225571 10906894 3052455 10999708 10940826
DRR031913	SAMD00027985	PE	arabidopsis_halleri	2	3052450 9403166 3052459 11097917 3689665 7225571 10906894 3052455 10999708 10940826
DRR031915	SAMD00027986	PE	arabidopsis_halleri	2	3052450 9403166 3052459 11097917 3689665 7225571 10906894 3052455 10999708 10940826
DRR031917	SAMD00027987	PE	arabidopsis_halleri	2	3052450 9403166 3052459 11097917 3689665 7225571 10906894 3052455 10999708 10940826
DRR031918	SAMD00027988	PE	arabidopsis_halleri	2	3052450 9403166 3052459 11097917 3689665 7225571 10906894 3052455 10999708 10940826
DRR031919	SAMD00027989	PE	arabidopsis_halleri	2	3052450 9403166 3052459 11097917 3689665 7225571 10906894 3052455 10999708 10940826
DRR031920	SAMD00027990	PE	arabidopsis_halleri	2	3052450 9403166 3052459 11097917 3689665 7225571 10906894 3052455 10999708 10940826
DRR031922	SAMD00027991	PE	arabidopsis_halleri	2	3052450 9403166 3052459 11097917 3689665 7225571 10906894 3052455 10999708 10940826
DRR031924	SAMD00027992	PE	arabidopsis_halleri	2	3052450 9403166 3052459 11097917 3689665 7225571 10906894 3052455 10999708 10940826
DRR031926	SAMD00027993	PE	arabidopsis_halleri	2	3052450 9403166 3052459 11097917 3689665 7225571 10906894 3052455 10999708 10940826
DRR031928	SAMD00027994	PE	arabidopsis_halleri	2	3052450 9403166 3052459 11097917 3689665 7225571 10906894 3052455 10999708 10940826
DRR031930	SAMD00027995	PE	arabidopsis_halleri	2	3052450 9403166 3052459 11097917 3689665 7225571 10906894 3052455 10999708 10940826
DRR031932	SAMD00027996	PE	arabidopsis_halleri	2	3052450 9403166 3052459 11097917 3689665 7225571 10906894 3052455 10999708 10940826
DRR031934	SAMD00027997	PE	arabidopsis_halleri	2	3052450 9403166 3052459 11097917 3689665 7225571 10906894 3052455 10999708 10940826
DRR031936	SAMD00027998	PE	arabidopsis_halleri	2	3052450 9403166 3052459 11097917 3689665 7225571 10906894 3052455 10999708 10940826
DRR031938	SAMD00027999	PE	arabidopsis_halleri	2	3052450 9403166 3052459 11097917 3689665 7225571 10906894 3052455 10999708 10940826
DRR031940	SAMD00028000	PE	arabidopsis_halleri	2	3052450 9403166 3052459 11097917 3689665 7225571 10906894 3052455 10999708 10940826
DRR031942	SAMD00028001	PE	arabidopsis_halleri	2	3052450 9403166 3052459 11097917 3689665 7225571 10906894 3052455 10999708 10940826
DRR031944	SAMD00028002	PE	arabidopsis_halleri	2	3052450 9403166 3052459 11097917 3689665 7225571 10906894 3052455 10999708 10940826
DRR031946	SAMD00028003	PE	arabidopsis_halleri	2	3052450 9403166 3052459 11097917 3689665 7225571 10906894 3052455 10999708 10940826
DRR031948	SAMD00028004	PE	arabidopsis_halleri	2	3052450 9403166 3052459 11097917 3689665 7225571 10906894 3052455 10999708 10940826
DRR031950	SAMD00028005	PE	arabidopsis_halleri	2	3052450 9403166 3052459 11097917 3689665 7225571 10906894 3052455 10999708 10940826
DRR031952	SAMD00028006	PE	arabidopsis_halleri	2	3052450 9403166 3052459 11097917 3689665 7225571 10906894 3052455 10999708 10940826
DRR031954	SAMD00028007	PE	arabidopsis_halleri	2	3052450 9403166 3052459 11097917 3689665 7225571 10906894 3052455 10999708 10940826
DRR031956	SAMD00028008	PE	arabidopsis_halleri	2	3052450 9403166 3052459 11097917 3689665 7225571 10906894 3052455 10999708 10940826
DRR031957	SAMD00028009	PE	arabidopsis_halleri	2	3052450 9403166 3052459 11097917 3689665 7225571 10906894 3052455 10999708 10940826
DRR031959	SAMD00028010	PE	arabidopsis_halleri	2	3052450 9403166 3052459 11097917 3689665 7225571 10906894 3052455 10999708 10940826
DRR031961	SAMD00028011	PE	arabidopsis_halleri	2	3052450 9403166 3052459 11097917 3689665 7225571 10906894 3052455 10999708 10940826
DRR031963	SAMD00028012	PE	arabidopsis_halleri	2	3052450 9403166 3052459 11097917 3689665 7225571 10906894 3052455 10999708 10940826
DRR031965	SAMD00028013	PE	arabidopsis_halleri	2	3052450 9403166 3052459 11097917 3689665 7225571 10906894 3052455 10999708 10940826
DRR031967	SAMD00028014	PE	arabidopsis_halleri	2	3052450 9403166 3052459 11097917 3689665 7225571 10906894 3052455 10999708 10940826
DRR031969	SAMD00028015	PE	arabidopsis_halleri	2	3052450 9403166 3052459 11097917 3689665 7225571 10906894 3052455 10999708 10940826
DRR031970	SAMD00028016	PE	arabidopsis_halleri	2	3052450 9403166 3052459 11097917 3689665 7225571 10906894 3052455 10999708 10940826
DRR031972	SAMD00028017	PE	arabidopsis_halleri	2	3052450 9403166 3052459 11097917 3689665 7225571 10906894 3052455 10999708 10940826
DRR031974	SAMD00028018	PE	arabidopsis_halleri	2	3052450 9403166 3052459 11097917 3689665 7225571 10906894 3052455 10999708 10940826
DRR031975	SAMD00028019	PE	arabidopsis_halleri	2	3052450 9403166 3052459 11097917 3689665 7225571 10906894 3052455 10999708 10940826
DRR031976	SAMD00028020	PE	arabidopsis_halleri	2	3052450 9403166 3052459 11097917 3689665 7225571 10906894 3052455 10999708 10940826
DRR031977	SAMD00028021	PE	arabidopsis_halleri	2	3052450 9403166 3052459 11097917 3689665 7225571 10906894 3052455 10999708 10940826
DRR031978	SAMD00028022	PE	arabidopsis_halleri	2	3052450 9403166 3052459 11097917 3689665 7225571 10906894 3052455 10999708 10940826
DRR031980	SAMD00028023	PE	arabidopsis_halleri	2	3052450 9403166 3052459 11097917 3689665 7225571 10906894 3052455 10999708 10940826
DRR031981	SAMD00028024	PE	arabidopsis_halleri	2	3052450 9403166 3052459 11097917 3689665 7225571 10906894 3052455 10999708 10940826
DRR031983	SAMD00028025	PE	arabidopsis_halleri	2	3052450 9403166 3052459 11097917 3689665 7225571 10906894 3052455 10999708 10940826
ERR2182766	SAMEA104359531	PE	arabidopsis_lyrata	2	3052468 3052469 3052478 7225570 9372560
ERR2182767	SAMEA104359532	PE	arabidopsis_lyrata	2	3052468 3052469 3052478 7225570 9372560
ERR2182768	SAMEA104359533	PE	arabidopsis_lyrata	2	3052468 3052469 3052478 7225570 9372560
ERR2182769	SAMEA104359534	PE	arabidopsis_lyrata	2	3052468 3052469 3052478 7225570 9372560
ERR2182770	SAMEA104359535	PE	arabidopsis_lyrata	2	3052468 3052469 3052478 7225570 9372560
ERR2182771	SAMEA104359536	PE	arabidopsis_lyrata	2	3052468 3052469 3052478 7225570 9372560
ERR2182772	SAMEA104359537	PE	arabidopsis_lyrata	2	3052468 3052469 3052478 7225570 9372560
ERR3014183	SAMEA5190277	PE	arabidopsis_lyrata	2	3052468 3052469 3052478 7225570 9372560
ERR3014184	SAMEA5190277	PE	arabidopsis_lyrata	2	3052468 3052469 3052478 7225570 9372560
ERR3014185	SAMEA5190278	PE	arabidopsis_lyrata	2	3052468 3052469 3052478 7225570 9372560
ERR3014186	SAMEA5190278	PE	arabidopsis_lyrata	2	3052468 3052469 3052478 7225570 9372560
ERR3014187	SAMEA5190279	PE	arabidopsis_lyrata	2	3052468 3052469 3052478 7225570 9372560
ERR3014188	SAMEA5190279	PE	arabidopsis_lyrata	2	3052468 3052469 3052478 7225570 9372560
ERR3014189	SAMEA5190280	PE	arabidopsis_lyrata	2	3052468 3052469 3052478 7225570 9372560
ERR3014190	SAMEA5190280	PE	arabidopsis_lyrata	2	3052468 3052469 3052478 7225570 9372560
ERR3014191	SAMEA5190281	PE	arabidopsis_lyrata	2	3052468 3052469 3052478 7225570 9372560
ERR3014192	SAMEA5190281	PE	arabidopsis_lyrata	2	3052468 3052469 3052478 7225570 9372560
ERR3014193	SAMEA5190282	PE	arabidopsis_lyrata	2	3052468 3052469 3052478 7225570 9372560
ERR3014194	SAMEA5190282	PE	arabidopsis_lyrata	2	3052468 3052469 3052478 7225570 9372560
ERR3014195	SAMEA5190283	PE	arabidopsis_lyrata	2	3052468 3052469 3052478 7225570 9372560
ERR3014196	SAMEA5190283	PE	arabidopsis_lyrata	2	3052468 3052469 3052478 7225570 9372560
ERR3014197	SAMEA5190284	PE	arabidopsis_lyrata	2	3052468 3052469 3052478 7225570 9372560
ERR3014198	SAMEA5190284	PE	arabidopsis_lyrata	2	3052468 3052469 3052478 7225570 9372560
ERR3014199	SAMEA5190285	PE	arabidopsis_lyrata	2	3052468 3052469 3052478 7225570 9372560
ERR3014200	SAMEA5190285	PE	arabidopsis_lyrata	2	3052468 3052469 3052478 7225570 9372560
ERR3014201	SAMEA5190286	PE	arabidopsis_lyrata	2	3052468 3052469 3052478 7225570 9372560
ERR3014202	SAMEA5190286	PE	arabidopsis_lyrata	2	3052468 3052469 3052478 7225570 9372560
ERR3014203	SAMEA5190287	PE	arabidopsis_lyrata	2	3052468 3052469 3052478 7225570 9372560
ERR3014204	SAMEA5190287	PE	arabidopsis_lyrata	2	3052468 3052469 3052478 7225570 9372560
ERR3014205	SAMEA5190288	PE	arabidopsis_lyrata	2	3052468 3052469 3052478 7225570 9372560
ERR3014206	SAMEA5190288	PE	arabidopsis_lyrata	2	3052468 3052469 3052478 7225570 9372560
ERR3014207	SAMEA5190289	PE	arabidopsis_lyrata	2	3052468 3052469 3052478 7225570 9372560
ERR3014208	SAMEA5190289	PE	arabidopsis_lyrata	2	3052468 3052469 3052478 7225570 9372560
ERR3014209	SAMEA5190290	PE	arabidopsis_lyrata	2	3052468 3052469 3052478 7225570 9372560
ERR3014210	SAMEA5190290	PE	arabidopsis_lyrata	2	3052468 3052469 3052478 7225570 9372560
ERR3014211	SAMEA5190291	PE	arabidopsis_lyrata	2	3052468 3052469 3052478 7225570 9372560
ERR3014212	SAMEA5190291	PE	arabidopsis_lyrata	2	3052468 3052469 3052478 7225570 9372560
ERR3014213	SAMEA5190292	PE	arabidopsis_lyrata	2	3052468 3052469 3052478 7225570 9372560
ERR3014214	SAMEA5190292	PE	arabidopsis_lyrata	2	3052468 3052469 3052478 7225570 9372560
ERR3014215	SAMEA5190293	PE	arabidopsis_lyrata	2	3052468 3052469 3052478 7225570 9372560
ERR3014216	SAMEA5190293	PE	arabidopsis_lyrata	2	3052468 3052469 3052478 7225570 9372560
ERR3014217	SAMEA5190294	PE	arabidopsis_lyrata	2	3052468 3052469 3052478 7225570 9372560
ERR3014218	SAMEA5190294	PE	arabidopsis_lyrata	2	3052468 3052469 3052478 7225570 9372560
ERR3014219	SAMEA5190295	PE	arabidopsis_lyrata	2	3052468 3052469 3052478 7225570 9372560
ERR3014220	SAMEA5190295	PE	arabidopsis_lyrata	2	3052468 3052469 3052478 7225570 9372560
ERR3014221	SAMEA5190296	PE	arabidopsis_lyrata	2	3052468 3052469 3052478 7225570 9372560
ERR3014222	SAMEA5190296	PE	arabidopsis_lyrata	2	3052468 3052469 3052478 7225570 9372560
ERR3014223	SAMEA5190297	PE	arabidopsis_lyrata	2	3052468 3052469 3052478 7225570 9372560
ERR3014224	SAMEA5190297	PE	arabidopsis_lyrata	2	3052468 3052469 3052478 7225570 9372560
ERR3014225	SAMEA5190298	PE	arabidopsis_lyrata	2	3052468 3052469 3052478 7225570 9372560
ERR3014226	SAMEA5190298	PE	arabidopsis_lyrata	2	3052468 3052469 3052478 7225570 9372560
ERR3014227	SAMEA5190299	PE	arabidopsis_lyrata	2	3052468 3052469 3052478 7225570 9372560
ERR3014228	SAMEA5190299	PE	arabidopsis_lyrata	2	3052468 3052469 3052478 7225570 9372560
ERR3014229	SAMEA5190300	PE	arabidopsis_lyrata	2	3052468 3052469 3052478 7225570 9372560
ERR3014230	SAMEA5190300	PE	arabidopsis_lyrata	2	3052468 3052469 3052478 7225570 9372560
ERR3014231	SAMEA5190301	PE	arabidopsis_lyrata	2	3052468 3052469 3052478 7225570 9372560
ERR3014232	SAMEA5190301	PE	arabidopsis_lyrata	2	3052468 3052469 3052478 7225570 9372560
ERR3014233	SAMEA5190302	PE	arabidopsis_lyrata	2	3052468 3052469 3052478 7225570 9372560
ERR3014234	SAMEA5190302	PE	arabidopsis_lyrata	2	3052468 3052469 3052478 7225570 9372560
ERR3014235	SAMEA5190303	PE	arabidopsis_lyrata	2	3052468 3052469 3052478 7225570 9372560
ERR3014236	SAMEA5190303	PE	arabidopsis_lyrata	2	3052468 3052469 3052478 7225570 9372560
ERR3014237	SAMEA5190304	PE	arabidopsis_lyrata	2	3052468 3052469 3052478 7225570 9372560
ERR3014238	SAMEA5190304	PE	arabidopsis_lyrata	2	3052468 3052469 3052478 7225570 9372560
ERR3014239	SAMEA5190305	PE	arabidopsis_lyrata	2	3052468 3052469 3052478 7225570 9372560
ERR3014240	SAMEA5190305	PE	arabidopsis_lyrata	2	3052468 3052469 3052478 7225570 9372560
ERR3014241	SAMEA5190306	PE	arabidopsis_lyrata	2	3052468 3052469 3052478 7225570 9372560
ERR3014242	SAMEA5190306	PE	arabidopsis_lyrata	2	3052468 3052469 3052478 7225570 9372560
ERR3014243	SAMEA5190307	PE	arabidopsis_lyrata	2	3052468 3052469 3052478 7225570 9372560
ERR3014244	SAMEA5190307	PE	arabidopsis_lyrata	2	3052468 3052469 3052478 7225570 9372560
ERR3014245	SAMEA5190308	PE	arabidopsis_lyrata	2	3052468 3052469 3052478 7225570 9372560
ERR3014246	SAMEA5190308	PE	arabidopsis_lyrata	2	3052468 3052469 3052478 7225570 9372560
ERR3014247	SAMEA5190309	PE	arabidopsis_lyrata	2	3052468 3052469 3052478 7225570 9372560
ERR3014248	SAMEA5190309	PE	arabidopsis_lyrata	2	3052468 3052469 3052478 7225570 9372560
ERR3014249	SAMEA5190310	PE	arabidopsis_lyrata	2	3052468 3052469 3052478 7225570 9372560
ERR3014250	SAMEA5190310	PE	arabidopsis_lyrata	2	3052468 3052469 3052478 7225570 9372560
ERR3014251	SAMEA5190311	PE	arabidopsis_lyrata	2	3052468 3052469 3052478 7225570 9372560
ERR3014252	SAMEA5190311	PE	arabidopsis_lyrata	2	3052468 3052469 3052478 7225570 9372560
ERR3014253	SAMEA5190312	PE	arabidopsis_lyrata	2	3052468 3052469 3052478 7225570 9372560
ERR3014254	SAMEA5190312	PE	arabidopsis_lyrata	2	3052468 3052469 3052478 7225570 9372560
ERR3014255	SAMEA5190313	PE	arabidopsis_lyrata	2	3052468 3052469 3052478 7225570 9372560
ERR3014256	SAMEA5190313	PE	arabidopsis_lyrata	2	3052468 3052469 3052478 7225570 9372560
ERR3014257	SAMEA5190314	PE	arabidopsis_lyrata	2	3052468 3052469 3052478 7225570 9372560
ERR3014258	SAMEA5190314	PE	arabidopsis_lyrata	2	3052468 3052469 3052478 7225570 9372560
ERR3014259	SAMEA5190315	PE	arabidopsis_lyrata	2	3052468 3052469 3052478 7225570 9372560
ERR3014260	SAMEA5190315	PE	arabidopsis_lyrata	2	3052468 3052469 3052478 7225570 9372560
ERR3014261	SAMEA5190316	PE	arabidopsis_lyrata	2	3052468 3052469 3052478 7225570 9372560
ERR3014262	SAMEA5190316	PE	arabidopsis_lyrata	2	3052468 3052469 3052478 7225570 9372560
ERR3014263	SAMEA5190317	PE	arabidopsis_lyrata	2	3052468 3052469 3052478 7225570 9372560
ERR3014264	SAMEA5190317	PE	arabidopsis_lyrata	2	3052468 3052469 3052478 7225570 9372560
ERR3014265	SAMEA5190318	PE	arabidopsis_lyrata	2	3052468 3052469 3052478 7225570 9372560
ERR3014266	SAMEA5190318	PE	arabidopsis_lyrata	2	3052468 3052469 3052478 7225570 9372560
ERR3014267	SAMEA5190319	PE	arabidopsis_lyrata	2	3052468 3052469 3052478 7225570 9372560
ERR3014268	SAMEA5190319	PE	arabidopsis_lyrata	2	3052468 3052469 3052478 7225570 9372560
ERR3014269	SAMEA5190320	PE	arabidopsis_lyrata	2	3052468 3052469 3052478 7225570 9372560
ERR3014270	SAMEA5190320	PE	arabidopsis_lyrata	2	3052468 3052469 3052478 7225570 9372560
ERR3014271	SAMEA5190321	PE	arabidopsis_lyrata	2	3052468 3052469 3052478 7225570 9372560
ERR3014272	SAMEA5190321	PE	arabidopsis_lyrata	2	3052468 3052469 3052478 7225570 9372560
ERR3014273	SAMEA5190322	PE	arabidopsis_lyrata	2	3052468 3052469 3052478 7225570 9372560
ERR3014274	SAMEA5190322	PE	arabidopsis_lyrata	2	3052468 3052469 3052478 7225570 9372560
ERR3014275	SAMEA5190323	PE	arabidopsis_lyrata	2	3052468 3052469 3052478 7225570 9372560
ERR3014276	SAMEA5190323	PE	arabidopsis_lyrata	2	3052468 3052469 3052478 7225570 9372560
ERR3014277	SAMEA5190324	PE	arabidopsis_lyrata	2	3052468 3052469 3052478 7225570 9372560
ERR3014278	SAMEA5190324	PE	arabidopsis_lyrata	2	3052468 3052469 3052478 7225570 9372560
ERR3014279	SAMEA5190325	PE	arabidopsis_lyrata	2	3052468 3052469 3052478 7225570 9372560
ERR3014280	SAMEA5190325	PE	arabidopsis_lyrata	2	3052468 3052469 3052478 7225570 9372560
ERR3014281	SAMEA5190326	PE	arabidopsis_lyrata	2	3052468 3052469 3052478 7225570 9372560
ERR3014282	SAMEA5190326	PE	arabidopsis_lyrata	2	3052468 3052469 3052478 7225570 9372560
ERR3014283	SAMEA5190327	PE	arabidopsis_lyrata	2	3052468 3052469 3052478 7225570 9372560
ERR3014284	SAMEA5190327	PE	arabidopsis_lyrata	2	3052468 3052469 3052478 7225570 9372560
ERR3014285	SAMEA5190328	PE	arabidopsis_lyrata	2	3052468 3052469 3052478 7225570 9372560
ERR3014286	SAMEA5190328	PE	arabidopsis_lyrata	2	3052468 3052469 3052478 7225570 9372560
ERR3014287	SAMEA5190329	PE	arabidopsis_lyrata	2	3052468 3052469 3052478 7225570 9372560
ERR3014288	SAMEA5190329	PE	arabidopsis_lyrata	2	3052468 3052469 3052478 7225570 9372560
ERR3014289	SAMEA5190330	PE	arabidopsis_lyrata	2	3052468 3052469 3052478 7225570 9372560
ERR3014290	SAMEA5190330	PE	arabidopsis_lyrata	2	3052468 3052469 3052478 7225570 9372560
ERR3014291	SAMEA5190331	PE	arabidopsis_lyrata	2	3052468 3052469 3052478 7225570 9372560
ERR3014292	SAMEA5190331	PE	arabidopsis_lyrata	2	3052468 3052469 3052478 7225570 9372560
ERR3014293	SAMEA5190332	PE	arabidopsis_lyrata	2	3052468 3052469 3052478 7225570 9372560
ERR3014294	SAMEA5190332	PE	arabidopsis_lyrata	2	3052468 3052469 3052478 7225570 9372560
ERR3014295	SAMEA5190333	PE	arabidopsis_lyrata	2	3052468 3052469 3052478 7225570 9372560
ERR3014296	SAMEA5190333	PE	arabidopsis_lyrata	2	3052468 3052469 3052478 7225570 9372560
ERR3014297	SAMEA5190334	PE	arabidopsis_lyrata	2	3052468 3052469 3052478 7225570 9372560
ERR3014298	SAMEA5190334	PE	arabidopsis_lyrata	2	3052468 3052469 3052478 7225570 9372560
ERR3014299	SAMEA5190335	PE	arabidopsis_lyrata	2	3052468 3052469 3052478 7225570 9372560
ERR3014300	SAMEA5190335	PE	arabidopsis_lyrata	2	3052468 3052469 3052478 7225570 9372560
ERR3014301	SAMEA5190336	PE	arabidopsis_lyrata	2	3052468 3052469 3052478 7225570 9372560
ERR3014302	SAMEA5190336	PE	arabidopsis_lyrata	2	3052468 3052469 3052478 7225570 9372560
ERR3014303	SAMEA5190337	PE	arabidopsis_lyrata	2	3052468 3052469 3052478 7225570 9372560
ERR3014304	SAMEA5190337	PE	arabidopsis_lyrata	2	3052468 3052469 3052478 7225570 9372560
ERR3014305	SAMEA5190338	PE	arabidopsis_lyrata	2	3052468 3052469 3052478 7225570 9372560
ERR3014306	SAMEA5190338	PE	arabidopsis_lyrata	2	3052468 3052469 3052478 7225570 9372560
ERR3014307	SAMEA5190339	PE	arabidopsis_lyrata	2	3052468 3052469 3052478 7225570 9372560
ERR3014308	SAMEA5190339	PE	arabidopsis_lyrata	2	3052468 3052469 3052478 7225570 9372560
ERR3014309	SAMEA5190340	PE	arabidopsis_lyrata	2	3052468 3052469 3052478 7225570 9372560
ERR3014310	SAMEA5190340	PE	arabidopsis_lyrata	2	3052468 3052469 3052478 7225570 9372560
ERR3014311	SAMEA5190341	PE	arabidopsis_lyrata	2	3052468 3052469 3052478 7225570 9372560
ERR3014312	SAMEA5190341	PE	arabidopsis_lyrata	2	3052468 3052469 3052478 7225570 9372560
ERR3014313	SAMEA5190342	PE	arabidopsis_lyrata	2	3052468 3052469 3052478 7225570 9372560
ERR3014314	SAMEA5190342	PE	arabidopsis_lyrata	2	3052468 3052469 3052478 7225570 9372560
ERR3014315	SAMEA5190343	PE	arabidopsis_lyrata	2	3052468 3052469 3052478 7225570 9372560
ERR3014316	SAMEA5190343	PE	arabidopsis_lyrata	2	3052468 3052469 3052478 7225570 9372560
ERR3014317	SAMEA5190344	PE	arabidopsis_lyrata	2	3052468 3052469 3052478 7225570 9372560
ERR3014318	SAMEA5190344	PE	arabidopsis_lyrata	2	3052468 3052469 3052478 7225570 9372560
ERR3014319	SAMEA5190345	PE	arabidopsis_lyrata	2	3052468 3052469 3052478 7225570 9372560
ERR3014320	SAMEA5190345	PE	arabidopsis_lyrata	2	3052468 3052469 3052478 7225570 9372560
ERR3014321	SAMEA5190346	PE	arabidopsis_lyrata	2	3052468 3052469 3052478 7225570 9372560
ERR3014322	SAMEA5190346	PE	arabidopsis_lyrata	2	3052468 3052469 3052478 7225570 9372560
ERR3014323	SAMEA5190347	PE	arabidopsis_lyrata	2	3052468 3052469 3052478 7225570 9372560
ERR3014324	SAMEA5190347	PE	arabidopsis_lyrata	2	3052468 3052469 3052478 7225570 9372560
ERR3014325	SAMEA5190348	PE	arabidopsis_lyrata	2	3052468 3052469 3052478 7225570 9372560
ERR3014326	SAMEA5190348	PE	arabidopsis_lyrata	2	3052468 3052469 3052478 7225570 9372560
ERR3014327	SAMEA5190349	PE	arabidopsis_lyrata	2	3052468 3052469 3052478 7225570 9372560
ERR3014328	SAMEA5190349	PE	arabidopsis_lyrata	2	3052468 3052469 3052478 7225570 9372560
ERR3014329	SAMEA5190350	PE	arabidopsis_lyrata	2	3052468 3052469 3052478 7225570 9372560
ERR3014330	SAMEA5190350	PE	arabidopsis_lyrata	2	3052468 3052469 3052478 7225570 9372560
ERR3014331	SAMEA5190351	PE	arabidopsis_lyrata	2	3052468 3052469 3052478 7225570 9372560
ERR3014332	SAMEA5190351	PE	arabidopsis_lyrata	2	3052468 3052469 3052478 7225570 9372560
ERR3014333	SAMEA5190352	PE	arabidopsis_lyrata	2	3052468 3052469 3052478 7225570 9372560
ERR3014334	SAMEA5190352	PE	arabidopsis_lyrata	2	3052468 3052469 3052478 7225570 9372560
ERR3014335	SAMEA5190353	PE	arabidopsis_lyrata	2	3052468 3052469 3052478 7225570 9372560
ERR3014336	SAMEA5190353	PE	arabidopsis_lyrata	2	3052468 3052469 3052478 7225570 9372560
ERR3014337	SAMEA5190354	PE	arabidopsis_lyrata	2	3052468 3052469 3052478 7225570 9372560
ERR3014338	SAMEA5190354	PE	arabidopsis_lyrata	2	3052468 3052469 3052478 7225570 9372560
ERR3014339	SAMEA5190355	PE	arabidopsis_lyrata	2	3052468 3052469 3052478 7225570 9372560
ERR3014340	SAMEA5190355	PE	arabidopsis_lyrata	2	3052468 3052469 3052478 7225570 9372560
ERR3014341	SAMEA5190356	PE	arabidopsis_lyrata	2	3052468 3052469 3052478 7225570 9372560
ERR3014342	SAMEA5190356	PE	arabidopsis_lyrata	2	3052468 3052469 3052478 7225570 9372560
ERR3014343	SAMEA5190357	PE	arabidopsis_lyrata	2	3052468 3052469 3052478 7225570 9372560
ERR3014344	SAMEA5190357	PE	arabidopsis_lyrata	2	3052468 3052469 3052478 7225570 9372560
ERR3014345	SAMEA5190358	PE	arabidopsis_lyrata	2	3052468 3052469 3052478 7225570 9372560
ERR3014346	SAMEA5190358	PE	arabidopsis_lyrata	2	3052468 3052469 3052478 7225570 9372560
ERR3014347	SAMEA5190359	PE	arabidopsis_lyrata	2	3052468 3052469 3052478 7225570 9372560
ERR3014348	SAMEA5190359	PE	arabidopsis_lyrata	2	3052468 3052469 3052478 7225570 9372560
ERR3014349	SAMEA5190360	PE	arabidopsis_lyrata	2	3052468 3052469 3052478 7225570 9372560
ERR3014350	SAMEA5190360	PE	arabidopsis_lyrata	2	3052468 3052469 3052478 7225570 9372560
ERR3014351	SAMEA5190361	PE	arabidopsis_lyrata	2	3052468 3052469 3052478 7225570 9372560
ERR3014352	SAMEA5190361	PE	arabidopsis_lyrata	2	3052468 3052469 3052478 7225570 9372560
ERR3014353	SAMEA5190362	PE	arabidopsis_lyrata	2	3052468 3052469 3052478 7225570 9372560
ERR3014354	SAMEA5190362	PE	arabidopsis_lyrata	2	3052468 3052469 3052478 7225570 9372560
ERR3014355	SAMEA5190363	PE	arabidopsis_lyrata	2	3052468 3052469 3052478 7225570 9372560
ERR3014356	SAMEA5190363	PE	arabidopsis_lyrata	2	3052468 3052469 3052478 7225570 9372560
ERR3014357	SAMEA5190364	PE	arabidopsis_lyrata	2	3052468 3052469 3052478 7225570 9372560
ERR3014358	SAMEA5190364	PE	arabidopsis_lyrata	2	3052468 3052469 3052478 7225570 9372560
ERR3014359	SAMEA5190365	PE	arabidopsis_lyrata	2	3052468 3052469 3052478 7225570 9372560
ERR3014360	SAMEA5190365	PE	arabidopsis_lyrata	2	3052468 3052469 3052478 7225570 9372560
ERR3014361	SAMEA5190366	PE	arabidopsis_lyrata	2	3052468 3052469 3052478 7225570 9372560
ERR3014362	SAMEA5190366	PE	arabidopsis_lyrata	2	3052468 3052469 3052478 7225570 9372560
ERR3014363	SAMEA5190367	PE	arabidopsis_lyrata	2	3052468 3052469 3052478 7225570 9372560
ERR3014364	SAMEA5190367	PE	arabidopsis_lyrata	2	3052468 3052469 3052478 7225570 9372560
ERR3014365	SAMEA5190368	PE	arabidopsis_lyrata	2	3052468 3052469 3052478 7225570 9372560
ERR3014366	SAMEA5190368	PE	arabidopsis_lyrata	2	3052468 3052469 3052478 7225570 9372560
ERR3014367	SAMEA5190369	PE	arabidopsis_lyrata	2	3052468 3052469 3052478 7225570 9372560
ERR3014368	SAMEA5190369	PE	arabidopsis_lyrata	2	3052468 3052469 3052478 7225570 9372560
ERR3014369	SAMEA5190370	PE	arabidopsis_lyrata	2	3052468 3052469 3052478 7225570 9372560
ERR3014370	SAMEA5190370	PE	arabidopsis_lyrata	2	3052468 3052469 3052478 7225570 9372560
ERR3014371	SAMEA5190371	PE	arabidopsis_lyrata	2	3052468 3052469 3052478 7225570 9372560
ERR3014372	SAMEA5190371	PE	arabidopsis_lyrata	2	3052468 3052469 3052478 7225570 9372560
ERR3014373	SAMEA5190372	PE	arabidopsis_lyrata	2	3052468 3052469 3052478 7225570 9372560
ERR3014374	SAMEA5190372	PE	arabidopsis_lyrata	2	3052468 3052469 3052478 7225570 9372560
ERR3014375	SAMEA5190373	PE	arabidopsis_lyrata	2	3052468 3052469 3052478 7225570 9372560
ERR3014376	SAMEA5190373	PE	arabidopsis_lyrata	2	3052468 3052469 3052478 7225570 9372560
ERR3014377	SAMEA5190374	PE	arabidopsis_lyrata	2	3052468 3052469 3052478 7225570 9372560
ERR3014378	SAMEA5190374	PE	arabidopsis_lyrata	2	3052468 3052469 3052478 7225570 9372560
ERR3014379	SAMEA5190375	PE	arabidopsis_lyrata	2	3052468 3052469 3052478 7225570 9372560
ERR3014380	SAMEA5190375	PE	arabidopsis_lyrata	2	3052468 3052469 3052478 7225570 9372560
ERR3014381	SAMEA5190376	PE	arabidopsis_lyrata	2	3052468 3052469 3052478 7225570 9372560
ERR3014382	SAMEA5190376	PE	arabidopsis_lyrata	2	3052468 3052469 3052478 7225570 9372560
ERR3014387	SAMEA5190379	PE	arabidopsis_lyrata	2	3052468 3052469 3052478 7225570 9372560
ERR3014388	SAMEA5190379	PE	arabidopsis_lyrata	2	3052468 3052469 3052478 7225570 9372560
ERR3014389	SAMEA5190380	PE	arabidopsis_lyrata	2	3052468 3052469 3052478 7225570 9372560
ERR3014390	SAMEA5190380	PE	arabidopsis_lyrata	2	3052468 3052469 3052478 7225570 9372560
ERR3014391	SAMEA5190381	PE	arabidopsis_lyrata	2	3052468 3052469 3052478 7225570 9372560
ERR3014392	SAMEA5190381	PE	arabidopsis_lyrata	2	3052468 3052469 3052478 7225570 9372560
ERR3014393	SAMEA5190382	PE	arabidopsis_lyrata	2	3052468 3052469 3052478 7225570 9372560
ERR3014394	SAMEA5190382	PE	arabidopsis_lyrata	2	3052468 3052469 3052478 7225570 9372560
ERR3014395	SAMEA5190383	PE	arabidopsis_lyrata	2	3052468 3052469 3052478 7225570 9372560
ERR3014396	SAMEA5190383	PE	arabidopsis_lyrata	2	3052468 3052469 3052478 7225570 9372560
ERR3014397	SAMEA5190384	PE	arabidopsis_lyrata	2	3052468 3052469 3052478 7225570 9372560
ERR3014398	SAMEA5190384	PE	arabidopsis_lyrata	2	3052468 3052469 3052478 7225570 9372560
ERR3014399	SAMEA5190385	PE	arabidopsis_lyrata	2	3052468 3052469 3052478 7225570 9372560
ERR3014400	SAMEA5190385	PE	arabidopsis_lyrata	2	3052468 3052469 3052478 7225570 9372560
ERR3014401	SAMEA5190386	PE	arabidopsis_lyrata	2	3052468 3052469 3052478 7225570 9372560
ERR3014402	SAMEA5190386	PE	arabidopsis_lyrata	2	3052468 3052469 3052478 7225570 9372560
ERR3014403	SAMEA5190387	PE	arabidopsis_lyrata	2	3052468 3052469 3052478 7225570 9372560
ERR3014404	SAMEA5190387	PE	arabidopsis_lyrata	2	3052468 3052469 3052478 7225570 9372560
ERR3014405	SAMEA5190388	PE	arabidopsis_lyrata	2	3052468 3052469 3052478 7225570 9372560
ERR3014406	SAMEA5190388	PE	arabidopsis_lyrata	2	3052468 3052469 3052478 7225570 9372560
ERR3014411	SAMEA5190391	PE	arabidopsis_lyrata	2	3052468 3052469 3052478 7225570 9372560
ERR3014412	SAMEA5190391	PE	arabidopsis_lyrata	2	3052468 3052469 3052478 7225570 9372560
ERR3014413	SAMEA5190392	PE	arabidopsis_lyrata	2	3052468 3052469 3052478 7225570 9372560
ERR3014414	SAMEA5190392	PE	arabidopsis_lyrata	2	3052468 3052469 3052478 7225570 9372560
SRR2040788	SAMN03703461	PE	arabidopsis_lyrata	2	3052468 3052469 3052478 7225570 9372560
SRR2040789	SAMN03703462	PE	arabidopsis_lyrata	2	3052468 3052469 3052478 7225570 9372560
SRR2040790	SAMN03703463	PE	arabidopsis_lyrata	2	3052468 3052469 3052478 7225570 9372560
SRR3111438	SAMN04432147	PE	arabidopsis_lyrata	2	3052468 3052469 3052478 7225570 9372560
SRR3111439	SAMN04432148	PE	arabidopsis_lyrata	2	3052468 3052469 3052478 7225570 9372560
SRR2040791	SAMN03703464	PE	arabidopsis_lyrata	2	3052468 3052469 3052478 7225570 9372560
SRR2040826	SAMN03703499	PE	arabidopsis_lyrata	2	3052468 3052469 3052478 7225570 9372560
SRR2040827	SAMN03703500	PE	arabidopsis_lyrata	2	3052468 3052469 3052478 7225570 9372560
SRR2040828	SAMN03703501	PE	arabidopsis_lyrata	2	3052468 3052469 3052478 7225570 9372560
SRR2040829	SAMN03703502	PE	arabidopsis_lyrata	2	3052468 3052469 3052478 7225570 9372560
SRR2040830	SAMN03703503	PE	arabidopsis_lyrata	2	3052468 3052469 3052478 7225570 9372560
SRR2040792	SAMN03703465	PE	arabidopsis_lyrata	2	3052468 3052469 3052478 7225570 9372560
SRR2040793	SAMN03703466	PE	arabidopsis_lyrata	2	3052468 3052469 3052478 7225570 9372560
SRR3111440	SAMN04432149	PE	arabidopsis_lyrata	2	3052468 3052469 3052478 7225570 9372560
SRR2040794	SAMN03703467	PE	arabidopsis_lyrata	2	3052468 3052469 3052478 7225570 9372560
SRR2040795	SAMN03703468	PE	arabidopsis_lyrata	2	3052468 3052469 3052478 7225570 9372560
SRR2040796	SAMN03703469	PE	arabidopsis_lyrata	2	3052468 3052469 3052478 7225570 9372560
SRR2040797	SAMN03703470	PE	arabidopsis_lyrata	2	3052468 3052469 3052478 7225570 9372560
SRR3111441	SAMN04432150	PE	arabidopsis_lyrata	2	3052468 3052469 3052478 7225570 9372560
SRR3111448	SAMN04432157	PE	arabidopsis_lyrata	2	3052468 3052469 3052478 7225570 9372560
SRR3111442	SAMN04432151	PE	arabidopsis_lyrata	2	3052468 3052469 3052478 7225570 9372560
SRR3111443	SAMN04432152	PE	arabidopsis_lyrata	2	3052468 3052469 3052478 7225570 9372560
SRR2040798	SAMN03703471	PE	arabidopsis_lyrata	2	3052468 3052469 3052478 7225570 9372560
SRR3123759	SAMN04442133	PE	arabidopsis_suecica	4	7915981 3052544
SRR3123760	SAMN04442134	PE	arabidopsis_suecica	4	7915981 3052544
SRR3123761	SAMN04442135	PE	arabidopsis_suecica	4	7915981 3052544
SRR3123762	SAMN04442136	PE	arabidopsis_suecica	4	7915981 3052544
SRR3123763	SAMN04442137	PE	arabidopsis_suecica	4	7915981 3052544
SRR3123764	SAMN04442138	PE	arabidopsis_suecica	4	7915981 3052544
SRR3123765	SAMN04442139	PE	arabidopsis_suecica	4	7915981 3052544
SRR3123766	SAMN04442140	PE	arabidopsis_suecica	4	7915981 3052544
SRR3123767	SAMN04442141	PE	arabidopsis_suecica	4	7915981 3052544
SRR3123768	SAMN04442142	PE	arabidopsis_suecica	4	7915981 3052544
SRR3123769	SAMN04442143	PE	arabidopsis_suecica	4	7915981 3052544
SRR3123770	SAMN04442144	PE	arabidopsis_suecica	4	7915981 3052544
